,count,mean,min,25%,50%,75%,max,std
Year,117.0,2011.128205128205,1997.0,2004.0,2011.0,2018.0,2026.0,8.480747427147971
Tot_Emp,117.0,30217.153846153848,26245.0,28407.0,29596.0,32321.0,34369.0,2255.4566003643968
UK_Born_Emp,117.0,25947.102564102563,24323.0,25411.0,25873.0,26656.0,27273.0,721.8802482671181
NonUK_Born_Emp,117.0,4264.2991452991455,1921.0,2684.0,4131.0,5613.0,7698.0,1618.8373662481765
EU27_Emp,117.0,1528.7350427350427,638.0,771.0,1513.0,2232.0,2553.0,656.108832345755
NonEU_Emp,117.0,2735.6495726495727,1283.0,1913.0,2654.0,3259.0,5298.0,1006.6809095876727
Tot_Emp_Rt,117.0,73.14321769282722,69.96355154378013,71.94977101292193,72.87516047226404,74.86700223539349,76.51277748857865,1.6861720306313204
UK_Emp_Rt,117.0,73.71949969392688,70.7131636253421,72.87334557599169,73.77452029611841,74.71038078084429,76.78676044870197,1.4355318268213193
NonUK_Emp_Rt,117.0,68.8651349192101,61.062883753486034,64.44706750174743,67.64899231591292,74.17714331840676,77.31053333170944,4.915663936592352
EU27_Emp_Rt,117.0,76.06447633687533,64.74200361629016,71.22927643461256,76.88417858279368,80.5769951834932,83.26814382681602,5.277640782495101
NonEU_Emp_Rt,117.0,65.45084277656015,59.40877413110699,61.76488952219604,63.61580569483417,69.3435717569488,75.90687410789309,4.640723758342226
Date,117,2011-07-01 23:35:23.076923136,1997-01-01 00:00:00,2004-04-01 00:00:00,2011-07-01 00:00:00,2018-10-01 00:00:00,2026-01-01 00:00:00,
