,count,mean,std,min,25%,50%,75%,max
Year,10.0,2021.5,3.03,2017.0,2019.25,2021.5,2023.75,2026.0
Tot_Posts,10.0,1035000.0,70277.23,960000.0,975000.0,1017500.0,1095000.0,1135000.0
Filled_Posts,10.0,957500.0,65880.78,895000.0,906250.0,932500.0,1001250.0,1070000.0
FTE_Filled_Posts,10.0,735500.0,67431.03,670000.0,683750.0,707500.0,781250.0,850000.0
FTE_Ratio,10.0,0.77,0.02,0.75,0.75,0.76,0.78,0.8
Employees,10.0,862000.0,53343.75,810000.0,826250.0,837500.0,892500.0,955000.0
Turnover_Rt,10.0,0.31,0.03,0.25,0.28,0.32,0.33,0.35
Leavers,10.0,264400.0,18258.64,237000.0,248250.0,270000.0,275000.0,290000.0
Vacancy_Rt,10.0,0.08,0.02,0.07,0.07,0.08,0.09,0.11
Vacant_Posts,10.0,78300.0,15578.12,63000.0,68000.0,70500.0,86250.0,105000.0
Starters_Rt,10.0,0.36,0.04,0.28,0.34,0.36,0.39,0.41
Starters,10.0,306500.0,22979.46,270000.0,292500.0,307500.0,321250.0,345000.0
